Time Steps,Polymerase Count,Burst Size,Burst Frequency,Poly proba movement,Poly Proba movement,A in gene
1,4,4,0.9500000000000001,,0.0001,5.0
101,4,4,0.9500000000000001,,0.0001,6.0
201,4,4,0.9500000000000001,,0.0001,6.0
301,4,4,0.9500000000000001,,0.0001,7.0
401,4,4,0.9500000000000001,,0.0001,6.0
501,4,4,0.9500000000000001,,0.0001,6.0
601,4,4,0.9500000000000001,,0.0001,6.0
701,4,4,0.9500000000000001,,0.0001,6.0
801,4,4,0.9500000000000001,,0.0001,7.0
901,4,4,0.9500000000000001,,0.0001,6.0
1001,4,4,0.9500000000000001,,0.0001,6.0
1101,4,4,0.9500000000000001,,0.0001,5.0
1201,4,4,0.9500000000000001,,0.0001,6.0
1301,4,4,0.9500000000000001,,0.0001,6.0
1401,4,4,0.9500000000000001,,0.0001,6.0
1501,4,4,0.9500000000000001,,0.0001,5.0
1601,4,4,0.9500000000000001,,0.0001,5.0
1701,4,4,0.9500000000000001,,0.0001,5.0
1801,4,4,0.9500000000000001,,0.0001,6.0
1901,4,4,0.9500000000000001,,0.0001,6.0
2001,4,4,0.9500000000000001,,0.0001,7.0
2101,4,4,0.9500000000000001,,0.0001,5.0
2201,4,4,0.9500000000000001,,0.0001,6.0
2301,4,4,0.9500000000000001,,0.0001,6.0
2401,4,4,0.9500000000000001,,0.0001,6.0
2501,4,4,0.9500000000000001,,0.0001,5.0
2601,4,4,0.9500000000000001,,0.0001,5.0
2701,4,4,0.9500000000000001,,0.0001,5.0
2801,4,4,0.9500000000000001,,0.0001,5.0
2901,4,4,0.9500000000000001,,0.0001,6.0
3001,4,4,0.9500000000000001,,0.0001,6.0
3101,4,4,0.9500000000000001,,0.0001,7.0
3201,4,4,0.9500000000000001,,0.0001,7.0
3301,4,4,0.9500000000000001,,0.0001,7.0
3401,4,4,0.9500000000000001,,0.0001,5.0
3501,4,4,0.9500000000000001,,0.0001,5.0
3601,4,4,0.9500000000000001,,0.0001,5.0
3701,4,4,0.9500000000000001,,0.0001,5.0
3801,4,4,0.9500000000000001,,0.0001,5.0
3901,4,4,0.9500000000000001,,0.0001,5.0
4001,4,4,0.9500000000000001,,0.0001,5.0
4101,4,4,0.9500000000000001,,0.0001,5.0
4201,4,4,0.9500000000000001,,0.0001,5.0
4301,4,4,0.9500000000000001,,0.0001,4.0
4401,4,4,0.9500000000000001,,0.0001,5.0
4501,4,4,0.9500000000000001,,0.0001,5.0
4601,4,4,0.9500000000000001,,0.0001,5.0
4701,4,4,0.9500000000000001,,0.0001,5.0
4801,4,4,0.9500000000000001,,0.0001,5.0
4901,4,4,0.9500000000000001,,0.0001,4.0
5001,5,4,0.9500000000000001,,0.0001,5.0
5101,5,4,0.9500000000000001,,0.0001,5.0
5201,5,4,0.9500000000000001,,0.0001,5.0
5301,5,4,0.9500000000000001,,0.0001,5.0
5401,5,4,0.9500000000000001,,0.0001,5.0
5501,5,4,0.9500000000000001,,0.0001,6.0
5601,5,4,0.9500000000000001,,0.0001,6.0
5701,5,4,0.9500000000000001,,0.0001,6.0
5801,5,4,0.9500000000000001,,0.0001,5.0
5901,5,4,0.9500000000000001,,0.0001,5.0
6001,5,4,0.9500000000000001,,0.0001,5.0
6101,5,4,0.9500000000000001,,0.0001,5.0
6201,5,4,0.9500000000000001,,0.0001,5.0
6301,5,4,0.9500000000000001,,0.0001,5.0
6401,5,4,0.9500000000000001,,0.0001,5.0
6501,5,4,0.9500000000000001,,0.0001,5.0
6601,5,4,0.9500000000000001,,0.0001,5.0
6701,5,4,0.9500000000000001,,0.0001,5.0
6801,5,4,0.9500000000000001,,0.0001,5.0
6901,5,4,0.9500000000000001,,0.0001,5.0
7001,5,4,0.9500000000000001,,0.0001,5.0
7101,5,4,0.9500000000000001,,0.0001,5.0
7201,5,4,0.9500000000000001,,0.0001,5.0
7301,5,4,0.9500000000000001,,0.0001,5.0
7401,5,4,0.9500000000000001,,0.0001,5.0
7501,5,4,0.9500000000000001,,0.0001,5.0
7601,5,4,0.9500000000000001,,0.0001,5.0
7701,5,4,0.9500000000000001,,0.0001,5.0
7801,5,4,0.9500000000000001,,0.0001,5.0
7901,5,4,0.9500000000000001,,0.0001,5.0
8001,5,4,0.9500000000000001,,0.0001,5.0
8101,5,4,0.9500000000000001,,0.0001,5.0
8201,5,4,0.9500000000000001,,0.0001,5.0
8301,5,4,0.9500000000000001,,0.0001,5.0
8401,5,4,0.9500000000000001,,0.0001,5.0
8501,5,4,0.9500000000000001,,0.0001,5.0
8601,5,4,0.9500000000000001,,0.0001,5.0
8701,5,4,0.9500000000000001,,0.0001,5.0
8801,5,4,0.9500000000000001,,0.0001,5.0
8901,5,4,0.9500000000000001,,0.0001,5.0
9001,5,4,0.9500000000000001,,0.0001,5.0
9101,4,4,0.9500000000000001,,0.0001,4.0
9201,4,4,0.9500000000000001,,0.0001,5.0
9301,4,4,0.9500000000000001,,0.0001,5.0
9401,4,4,0.9500000000000001,,0.0001,5.0
9501,4,4,0.9500000000000001,,0.0001,5.0
9601,4,4,0.9500000000000001,,0.0001,5.0
9701,4,4,0.9500000000000001,,0.0001,5.0
9801,4,4,0.9500000000000001,,0.0001,4.0
9901,4,4,0.9500000000000001,,0.0001,4.0
10001,5,4,0.9500000000000001,,0.0001,5.0
10101,5,4,0.9500000000000001,,0.0001,4.0
10201,5,4,0.9500000000000001,,0.0001,5.0
10301,5,4,0.9500000000000001,,0.0001,5.0
10401,5,4,0.9500000000000001,,0.0001,5.0
10501,5,4,0.9500000000000001,,0.0001,5.0
10601,5,4,0.9500000000000001,,0.0001,5.0
10701,5,4,0.9500000000000001,,0.0001,5.0
10801,5,4,0.9500000000000001,,0.0001,5.0
10901,5,4,0.9500000000000001,,0.0001,5.0
11001,5,4,0.9500000000000001,,0.0001,5.0
11101,5,4,0.9500000000000001,,0.0001,5.0
11201,5,4,0.9500000000000001,,0.0001,5.0
11301,5,4,0.9500000000000001,,0.0001,5.0
11401,5,4,0.9500000000000001,,0.0001,5.0
11501,5,4,0.9500000000000001,,0.0001,5.0
11601,5,4,0.9500000000000001,,0.0001,5.0
11701,5,4,0.9500000000000001,,0.0001,5.0
11801,5,4,0.9500000000000001,,0.0001,5.0
11901,5,4,0.9500000000000001,,0.0001,5.0
12001,5,4,0.9500000000000001,,0.0001,5.0
12101,5,4,0.9500000000000001,,0.0001,5.0
12201,5,4,0.9500000000000001,,0.0001,5.0
12301,5,4,0.9500000000000001,,0.0001,5.0
12401,5,4,0.9500000000000001,,0.0001,5.0
12501,5,4,0.9500000000000001,,0.0001,5.0
12601,5,4,0.9500000000000001,,0.0001,5.0
12701,5,4,0.9500000000000001,,0.0001,5.0
12801,5,4,0.9500000000000001,,0.0001,5.0
12901,5,4,0.9500000000000001,,0.0001,5.0
13001,5,4,0.9500000000000001,,0.0001,5.0
13101,5,4,0.9500000000000001,,0.0001,5.0
13201,5,4,0.9500000000000001,,0.0001,5.0
13301,5,4,0.9500000000000001,,0.0001,5.0
13401,5,4,0.9500000000000001,,0.0001,5.0
13501,5,4,0.9500000000000001,,0.0001,5.0
13601,5,4,0.9500000000000001,,0.0001,5.0
13701,5,4,0.9500000000000001,,0.0001,5.0
13801,5,4,0.9500000000000001,,0.0001,5.0
13901,5,4,0.9500000000000001,,0.0001,5.0
14001,5,4,0.9500000000000001,,0.0001,5.0
14101,5,4,0.9500000000000001,,0.0001,5.0
14201,5,4,0.9500000000000001,,0.0001,5.0
14301,5,4,0.9500000000000001,,0.0001,5.0
14401,5,4,0.9500000000000001,,0.0001,5.0
14501,5,4,0.9500000000000001,,0.0001,5.0
14601,5,4,0.9500000000000001,,0.0001,5.0
14701,5,4,0.9500000000000001,,0.0001,5.0
14801,5,4,0.9500000000000001,,0.0001,5.0
14901,5,4,0.9500000000000001,,0.0001,5.0
15001,5,4,0.9500000000000001,,0.0001,5.0
15101,5,4,0.9500000000000001,,0.0001,5.0
15201,5,4,0.9500000000000001,,0.0001,5.0
15301,5,4,0.9500000000000001,,0.0001,5.0
15401,5,4,0.9500000000000001,,0.0001,5.0
15501,5,4,0.9500000000000001,,0.0001,5.0
15601,5,4,0.9500000000000001,,0.0001,5.0
15701,5,4,0.9500000000000001,,0.0001,5.0
15801,5,4,0.9500000000000001,,0.0001,5.0
15901,5,4,0.9500000000000001,,0.0001,5.0
16001,5,4,0.9500000000000001,,0.0001,5.0
16101,5,4,0.9500000000000001,,0.0001,5.0
16201,5,4,0.9500000000000001,,0.0001,5.0
16301,5,4,0.9500000000000001,,0.0001,5.0
16401,5,4,0.9500000000000001,,0.0001,5.0
16501,5,4,0.9500000000000001,,0.0001,5.0
16601,5,4,0.9500000000000001,,0.0001,5.0
16701,5,4,0.9500000000000001,,0.0001,5.0
16801,5,4,0.9500000000000001,,0.0001,5.0
16901,5,4,0.9500000000000001,,0.0001,5.0
17001,5,4,0.9500000000000001,,0.0001,5.0
17101,5,4,0.9500000000000001,,0.0001,5.0
17201,5,4,0.9500000000000001,,0.0001,5.0
17301,5,4,0.9500000000000001,,0.0001,4.0
17401,5,4,0.9500000000000001,,0.0001,5.0
17501,5,4,0.9500000000000001,,0.0001,5.0
17601,5,4,0.9500000000000001,,0.0001,5.0
17701,5,4,0.9500000000000001,,0.0001,5.0
17801,5,4,0.9500000000000001,,0.0001,5.0
17901,5,4,0.9500000000000001,,0.0001,5.0
18001,5,4,0.9500000000000001,,0.0001,5.0
18101,5,4,0.9500000000000001,,0.0001,4.0
18201,5,4,0.9500000000000001,,0.0001,5.0
18301,5,4,0.9500000000000001,,0.0001,5.0
18401,5,4,0.9500000000000001,,0.0001,5.0
18501,5,4,0.9500000000000001,,0.0001,5.0
18601,5,4,0.9500000000000001,,0.0001,5.0
18701,5,4,0.9500000000000001,,0.0001,5.0
18801,5,4,0.9500000000000001,,0.0001,5.0
18901,5,4,0.9500000000000001,,0.0001,5.0
19001,5,4,0.9500000000000001,,0.0001,5.0
19101,5,4,0.9500000000000001,,0.0001,4.0
19201,5,4,0.9500000000000001,,0.0001,5.0
19301,5,4,0.9500000000000001,,0.0001,5.0
19401,5,4,0.9500000000000001,,0.0001,5.0
19501,5,4,0.9500000000000001,,0.0001,5.0
19601,5,4,0.9500000000000001,,0.0001,5.0
19701,5,4,0.9500000000000001,,0.0001,5.0
19801,5,4,0.9500000000000001,,0.0001,5.0
19901,5,4,0.9500000000000001,,0.0001,5.0
20001,5,4,0.9500000000000001,,0.0001,5.0
20101,5,4,0.9500000000000001,,0.0001,5.0
20201,5,4,0.9500000000000001,,0.0001,5.0
20301,5,4,0.9500000000000001,,0.0001,5.0
20401,5,4,0.9500000000000001,,0.0001,5.0
20501,5,4,0.9500000000000001,,0.0001,5.0
20601,5,4,0.9500000000000001,,0.0001,5.0
20701,5,4,0.9500000000000001,,0.0001,5.0
20801,5,4,0.9500000000000001,,0.0001,5.0
20901,5,4,0.9500000000000001,,0.0001,5.0
21001,5,4,0.9500000000000001,,0.0001,5.0
21101,5,4,0.9500000000000001,,0.0001,4.0
21201,5,4,0.9500000000000001,,0.0001,5.0
21301,5,4,0.9500000000000001,,0.0001,5.0
21401,5,4,0.9500000000000001,,0.0001,4.0
21501,5,4,0.9500000000000001,,0.0001,5.0
21601,5,4,0.9500000000000001,,0.0001,5.0
21701,5,4,0.9500000000000001,,0.0001,5.0
21801,5,4,0.9500000000000001,,0.0001,5.0
21901,5,4,0.9500000000000001,,0.0001,5.0
22001,5,4,0.9500000000000001,,0.0001,5.0
22101,5,4,0.9500000000000001,,0.0001,5.0
22201,5,4,0.9500000000000001,,0.0001,4.0
22301,5,4,0.9500000000000001,,0.0001,5.0
22401,5,4,0.9500000000000001,,0.0001,5.0
22501,5,4,0.9500000000000001,,0.0001,5.0
22601,5,4,0.9500000000000001,,0.0001,5.0
22701,5,4,0.9500000000000001,,0.0001,5.0
22801,5,4,0.9500000000000001,,0.0001,5.0
22901,5,4,0.9500000000000001,,0.0001,5.0
23001,5,4,0.9500000000000001,,0.0001,5.0
23101,5,4,0.9500000000000001,,0.0001,4.0
23201,5,4,0.9500000000000001,,0.0001,4.0
23301,5,4,0.9500000000000001,,0.0001,5.0
23401,5,4,0.9500000000000001,,0.0001,5.0
23501,5,4,0.9500000000000001,,0.0001,6.0
23601,5,4,0.9500000000000001,,0.0001,5.0
23701,5,4,0.9500000000000001,,0.0001,6.0
23801,5,4,0.9500000000000001,,0.0001,6.0
23901,5,4,0.9500000000000001,,0.0001,6.0
24001,5,4,0.9500000000000001,,0.0001,6.0
24101,5,4,0.9500000000000001,,0.0001,6.0
24201,5,4,0.9500000000000001,,0.0001,6.0
24301,5,4,0.9500000000000001,,0.0001,5.0
24401,5,4,0.9500000000000001,,0.0001,5.0
24501,5,4,0.9500000000000001,,0.0001,5.0
24601,5,4,0.9500000000000001,,0.0001,5.0
24701,5,4,0.9500000000000001,,0.0001,5.0
24801,5,4,0.9500000000000001,,0.0001,5.0
24901,5,4,0.9500000000000001,,0.0001,5.0
25001,5,4,0.9500000000000001,,0.0001,5.0
25101,5,4,0.9500000000000001,,0.0001,5.0
25201,5,4,0.9500000000000001,,0.0001,5.0
25301,5,4,0.9500000000000001,,0.0001,5.0
25401,5,4,0.9500000000000001,,0.0001,5.0
25501,5,4,0.9500000000000001,,0.0001,5.0
25601,5,4,0.9500000000000001,,0.0001,5.0
25701,5,4,0.9500000000000001,,0.0001,5.0
25801,5,4,0.9500000000000001,,0.0001,5.0
25901,5,4,0.9500000000000001,,0.0001,5.0
26001,5,4,0.9500000000000001,,0.0001,4.0
26101,5,4,0.9500000000000001,,0.0001,5.0
26201,5,4,0.9500000000000001,,0.0001,5.0
26301,5,4,0.9500000000000001,,0.0001,5.0
26401,5,4,0.9500000000000001,,0.0001,5.0
26501,5,4,0.9500000000000001,,0.0001,5.0
26601,5,4,0.9500000000000001,,0.0001,5.0
26701,5,4,0.9500000000000001,,0.0001,5.0
26801,5,4,0.9500000000000001,,0.0001,5.0
26901,5,4,0.9500000000000001,,0.0001,5.0
27001,5,4,0.9500000000000001,,0.0001,5.0
27101,5,4,0.9500000000000001,,0.0001,4.0
27201,5,4,0.9500000000000001,,0.0001,5.0
27301,5,4,0.9500000000000001,,0.0001,5.0
27401,5,4,0.9500000000000001,,0.0001,5.0
27501,5,4,0.9500000000000001,,0.0001,5.0
27601,5,4,0.9500000000000001,,0.0001,5.0
27701,5,4,0.9500000000000001,,0.0001,5.0
27801,5,4,0.9500000000000001,,0.0001,5.0
27901,5,4,0.9500000000000001,,0.0001,5.0
28001,5,4,0.9500000000000001,,0.0001,5.0
28101,5,4,0.9500000000000001,,0.0001,5.0
28201,5,4,0.9500000000000001,,0.0001,5.0
28301,5,4,0.9500000000000001,,0.0001,5.0
28401,5,4,0.9500000000000001,,0.0001,5.0
28501,5,4,0.9500000000000001,,0.0001,5.0
28601,5,4,0.9500000000000001,,0.0001,5.0
28701,5,4,0.9500000000000001,,0.0001,5.0
28801,5,4,0.9500000000000001,,0.0001,5.0
28901,5,4,0.9500000000000001,,0.0001,5.0
29001,5,4,0.9500000000000001,,0.0001,5.0
29101,5,4,0.9500000000000001,,0.0001,5.0
29201,5,4,0.9500000000000001,,0.0001,5.0
29301,5,4,0.9500000000000001,,0.0001,5.0
29401,5,4,0.9500000000000001,,0.0001,5.0
29501,5,4,0.9500000000000001,,0.0001,5.0
29601,5,4,0.9500000000000001,,0.0001,5.0
29701,5,4,0.9500000000000001,,0.0001,5.0
29801,5,4,0.9500000000000001,,0.0001,5.0
29901,5,4,0.9500000000000001,,0.0001,5.0
30001,5,4,0.9500000000000001,,0.0001,5.0
30101,5,4,0.9500000000000001,,0.0001,4.0
30201,5,4,0.9500000000000001,,0.0001,4.0
30301,5,4,0.9500000000000001,,0.0001,5.0
30401,5,4,0.9500000000000001,,0.0001,5.0
30501,5,4,0.9500000000000001,,0.0001,5.0
30601,5,4,0.9500000000000001,,0.0001,5.0
30701,5,4,0.9500000000000001,,0.0001,5.0
30801,5,4,0.9500000000000001,,0.0001,4.0
30901,5,4,0.9500000000000001,,0.0001,5.0
31001,5,4,0.9500000000000001,,0.0001,5.0
31101,5,4,0.9500000000000001,,0.0001,5.0
31201,5,4,0.9500000000000001,,0.0001,5.0
31301,5,4,0.9500000000000001,,0.0001,5.0
31401,5,4,0.9500000000000001,,0.0001,5.0
31501,5,4,0.9500000000000001,,0.0001,5.0
31601,5,4,0.9500000000000001,,0.0001,4.0
31701,5,4,0.9500000000000001,,0.0001,5.0
31801,5,4,0.9500000000000001,,0.0001,5.0
31901,5,4,0.9500000000000001,,0.0001,5.0
32001,5,4,0.9500000000000001,,0.0001,5.0
32101,5,4,0.9500000000000001,,0.0001,5.0
32201,5,4,0.9500000000000001,,0.0001,5.0
32301,5,4,0.9500000000000001,,0.0001,5.0
32401,5,4,0.9500000000000001,,0.0001,5.0
32501,5,4,0.9500000000000001,,0.0001,6.0
32601,5,4,0.9500000000000001,,0.0001,6.0
32701,5,4,0.9500000000000001,,0.0001,5.0
32801,5,4,0.9500000000000001,,0.0001,5.0
32901,5,4,0.9500000000000001,,0.0001,5.0
33001,5,4,0.9500000000000001,,0.0001,5.0
33101,5,4,0.9500000000000001,,0.0001,5.0
33201,5,4,0.9500000000000001,,0.0001,5.0
33301,5,4,0.9500000000000001,,0.0001,5.0
33401,5,4,0.9500000000000001,,0.0001,5.0
33501,5,4,0.9500000000000001,,0.0001,5.0
33601,5,4,0.9500000000000001,,0.0001,5.0
33701,5,4,0.9500000000000001,,0.0001,5.0
33801,5,4,0.9500000000000001,,0.0001,5.0
33901,5,4,0.9500000000000001,,0.0001,4.0
34001,5,4,0.9500000000000001,,0.0001,5.0
34101,5,4,0.9500000000000001,,0.0001,5.0
34201,5,4,0.9500000000000001,,0.0001,5.0
34301,5,4,0.9500000000000001,,0.0001,5.0
34401,5,4,0.9500000000000001,,0.0001,5.0
34501,5,4,0.9500000000000001,,0.0001,5.0
34601,5,4,0.9500000000000001,,0.0001,5.0
34701,5,4,0.9500000000000001,,0.0001,5.0
34801,5,4,0.9500000000000001,,0.0001,5.0
34901,5,4,0.9500000000000001,,0.0001,5.0
35001,6,4,0.9500000000000001,,0.0001,6.0
35101,6,4,0.9500000000000001,,0.0001,6.0
35201,6,4,0.9500000000000001,,0.0001,6.0
35301,6,4,0.9500000000000001,,0.0001,6.0
35401,6,4,0.9500000000000001,,0.0001,6.0
35501,6,4,0.9500000000000001,,0.0001,6.0
35601,6,4,0.9500000000000001,,0.0001,6.0
35701,6,4,0.9500000000000001,,0.0001,6.0
35801,6,4,0.9500000000000001,,0.0001,6.0
35901,6,4,0.9500000000000001,,0.0001,5.0
36001,6,4,0.9500000000000001,,0.0001,6.0
36101,6,4,0.9500000000000001,,0.0001,6.0
36201,6,4,0.9500000000000001,,0.0001,5.0
36301,6,4,0.9500000000000001,,0.0001,6.0
36401,6,4,0.9500000000000001,,0.0001,6.0
36501,6,4,0.9500000000000001,,0.0001,6.0
36601,6,4,0.9500000000000001,,0.0001,6.0
36701,6,4,0.9500000000000001,,0.0001,6.0
36801,6,4,0.9500000000000001,,0.0001,6.0
36901,6,4,0.9500000000000001,,0.0001,6.0
37001,6,4,0.9500000000000001,,0.0001,6.0
37101,6,4,0.9500000000000001,,0.0001,6.0
37201,6,4,0.9500000000000001,,0.0001,6.0
37301,6,4,0.9500000000000001,,0.0001,6.0
37401,6,4,0.9500000000000001,,0.0001,6.0
37501,6,4,0.9500000000000001,,0.0001,6.0
37601,6,4,0.9500000000000001,,0.0001,6.0
37701,6,4,0.9500000000000001,,0.0001,6.0
37801,6,4,0.9500000000000001,,0.0001,6.0
37901,6,4,0.9500000000000001,,0.0001,6.0
38001,6,4,0.9500000000000001,,0.0001,6.0
38101,6,4,0.9500000000000001,,0.0001,6.0
38201,6,4,0.9500000000000001,,0.0001,6.0
38301,6,4,0.9500000000000001,,0.0001,6.0
38401,6,4,0.9500000000000001,,0.0001,6.0
38501,6,4,0.9500000000000001,,0.0001,7.0
38601,5,4,0.9500000000000001,,0.0001,5.0
38701,5,4,0.9500000000000001,,0.0001,6.0
38801,5,4,0.9500000000000001,,0.0001,6.0
38901,5,4,0.9500000000000001,,0.0001,5.0
39001,5,4,0.9500000000000001,,0.0001,5.0
39101,5,4,0.9500000000000001,,0.0001,5.0
39201,5,4,0.9500000000000001,,0.0001,5.0
39301,5,4,0.9500000000000001,,0.0001,5.0
39401,5,4,0.9500000000000001,,0.0001,5.0
39501,5,4,0.9500000000000001,,0.0001,5.0
39601,5,4,0.9500000000000001,,0.0001,5.0
39701,5,4,0.9500000000000001,,0.0001,5.0
39801,5,4,0.9500000000000001,,0.0001,5.0
39901,5,4,0.9500000000000001,,0.0001,5.0
40001,6,4,0.9500000000000001,,0.0001,6.0
40101,6,4,0.9500000000000001,,0.0001,6.0
40201,6,4,0.9500000000000001,,0.0001,6.0
40301,6,4,0.9500000000000001,,0.0001,6.0
40401,6,4,0.9500000000000001,,0.0001,6.0
40501,6,4,0.9500000000000001,,0.0001,6.0
40601,6,4,0.9500000000000001,,0.0001,6.0
40701,6,4,0.9500000000000001,,0.0001,6.0
40801,6,4,0.9500000000000001,,0.0001,6.0
40901,6,4,0.9500000000000001,,0.0001,6.0
41001,6,4,0.9500000000000001,,0.0001,5.0
41101,6,4,0.9500000000000001,,0.0001,6.0
41201,6,4,0.9500000000000001,,0.0001,6.0
41301,6,4,0.9500000000000001,,0.0001,6.0
41401,6,4,0.9500000000000001,,0.0001,6.0
41501,6,4,0.9500000000000001,,0.0001,6.0
41601,6,4,0.9500000000000001,,0.0001,6.0
41701,6,4,0.9500000000000001,,0.0001,6.0
41801,6,4,0.9500000000000001,,0.0001,6.0
41901,6,4,0.9500000000000001,,0.0001,6.0
42001,6,4,0.9500000000000001,,0.0001,6.0
42101,6,4,0.9500000000000001,,0.0001,6.0
42201,6,4,0.9500000000000001,,0.0001,6.0
42301,6,4,0.9500000000000001,,0.0001,6.0
42401,6,4,0.9500000000000001,,0.0001,6.0
42501,6,4,0.9500000000000001,,0.0001,6.0
42601,6,4,0.9500000000000001,,0.0001,6.0
42701,6,4,0.9500000000000001,,0.0001,6.0
42801,6,4,0.9500000000000001,,0.0001,6.0
42901,6,4,0.9500000000000001,,0.0001,6.0
43001,6,4,0.9500000000000001,,0.0001,6.0
43101,6,4,0.9500000000000001,,0.0001,6.0
43201,6,4,0.9500000000000001,,0.0001,6.0
43301,6,4,0.9500000000000001,,0.0001,5.0
43401,6,4,0.9500000000000001,,0.0001,6.0
43501,6,4,0.9500000000000001,,0.0001,6.0
43601,6,4,0.9500000000000001,,0.0001,6.0
43701,6,4,0.9500000000000001,,0.0001,6.0
43801,6,4,0.9500000000000001,,0.0001,5.0
43901,6,4,0.9500000000000001,,0.0001,6.0
44001,6,4,0.9500000000000001,,0.0001,6.0
44101,6,4,0.9500000000000001,,0.0001,6.0
44201,6,4,0.9500000000000001,,0.0001,6.0
44301,6,4,0.9500000000000001,,0.0001,6.0
44401,6,4,0.9500000000000001,,0.0001,6.0
44501,6,4,0.9500000000000001,,0.0001,6.0
44601,6,4,0.9500000000000001,,0.0001,6.0
44701,6,4,0.9500000000000001,,0.0001,6.0
44801,6,4,0.9500000000000001,,0.0001,6.0
44901,6,4,0.9500000000000001,,0.0001,6.0
45001,6,4,0.9500000000000001,,0.0001,6.0
45101,6,4,0.9500000000000001,,0.0001,6.0
45201,6,4,0.9500000000000001,,0.0001,6.0
45301,6,4,0.9500000000000001,,0.0001,6.0
45401,6,4,0.9500000000000001,,0.0001,6.0
45501,6,4,0.9500000000000001,,0.0001,6.0
45601,6,4,0.9500000000000001,,0.0001,6.0
45701,6,4,0.9500000000000001,,0.0001,6.0
45801,6,4,0.9500000000000001,,0.0001,4.0
45901,6,4,0.9500000000000001,,0.0001,6.0
46001,6,4,0.9500000000000001,,0.0001,6.0
46101,6,4,0.9500000000000001,,0.0001,6.0
46201,6,4,0.9500000000000001,,0.0001,6.0
46301,6,4,0.9500000000000001,,0.0001,6.0
46401,6,4,0.9500000000000001,,0.0001,6.0
46501,6,4,0.9500000000000001,,0.0001,6.0
46601,6,4,0.9500000000000001,,0.0001,6.0
46701,6,4,0.9500000000000001,,0.0001,6.0
46801,6,4,0.9500000000000001,,0.0001,6.0
46901,6,4,0.9500000000000001,,0.0001,6.0
47001,6,4,0.9500000000000001,,0.0001,6.0
47101,6,4,0.9500000000000001,,0.0001,6.0
47201,6,4,0.9500000000000001,,0.0001,7.0
47301,6,4,0.9500000000000001,,0.0001,7.0
47401,6,4,0.9500000000000001,,0.0001,6.0
47501,6,4,0.9500000000000001,,0.0001,6.0
47601,6,4,0.9500000000000001,,0.0001,6.0
47701,6,4,0.9500000000000001,,0.0001,6.0
47801,6,4,0.9500000000000001,,0.0001,6.0
47901,6,4,0.9500000000000001,,0.0001,6.0
48001,6,4,0.9500000000000001,,0.0001,6.0
48101,6,4,0.9500000000000001,,0.0001,6.0
48201,6,4,0.9500000000000001,,0.0001,6.0
48301,6,4,0.9500000000000001,,0.0001,6.0
48401,5,4,0.9500000000000001,,0.0001,6.0
48501,5,4,0.9500000000000001,,0.0001,5.0
48601,5,4,0.9500000000000001,,0.0001,5.0
48701,5,4,0.9500000000000001,,0.0001,5.0
48801,5,4,0.9500000000000001,,0.0001,5.0
48901,5,4,0.9500000000000001,,0.0001,5.0
49001,5,4,0.9500000000000001,,0.0001,5.0
49101,5,4,0.9500000000000001,,0.0001,5.0
49201,5,4,0.9500000000000001,,0.0001,6.0
49301,5,4,0.9500000000000001,,0.0001,6.0
49401,5,4,0.9500000000000001,,0.0001,6.0
49501,5,4,0.9500000000000001,,0.0001,5.0
49601,5,4,0.9500000000000001,,0.0001,5.0
49701,5,4,0.9500000000000001,,0.0001,5.0
49801,5,4,0.9500000000000001,,0.0001,5.0
49901,5,4,0.9500000000000001,,0.0001,5.0
50001,5,4,0.9500000000000001,,0.0001,5.0
50101,5,4,0.9500000000000001,,0.0001,5.0
50201,5,4,0.9500000000000001,,0.0001,5.0
50301,5,4,0.9500000000000001,,0.0001,5.0
50401,5,4,0.9500000000000001,,0.0001,5.0
50501,5,4,0.9500000000000001,,0.0001,5.0
50601,5,4,0.9500000000000001,,0.0001,5.0
50701,5,4,0.9500000000000001,,0.0001,5.0
50801,5,4,0.9500000000000001,,0.0001,5.0
50901,5,4,0.9500000000000001,,0.0001,5.0
51001,5,4,0.9500000000000001,,0.0001,5.0
51101,5,4,0.9500000000000001,,0.0001,5.0
51201,5,4,0.9500000000000001,,0.0001,5.0
51301,5,4,0.9500000000000001,,0.0001,5.0
51401,5,4,0.9500000000000001,,0.0001,5.0
51501,5,4,0.9500000000000001,,0.0001,5.0
51601,5,4,0.9500000000000001,,0.0001,5.0
51701,5,4,0.9500000000000001,,0.0001,5.0
51801,5,4,0.9500000000000001,,0.0001,5.0
51901,5,4,0.9500000000000001,,0.0001,5.0
52001,5,4,0.9500000000000001,,0.0001,5.0
52101,5,4,0.9500000000000001,,0.0001,5.0
52201,5,4,0.9500000000000001,,0.0001,5.0
52301,5,4,0.9500000000000001,,0.0001,5.0
52401,5,4,0.9500000000000001,,0.0001,5.0
52501,5,4,0.9500000000000001,,0.0001,5.0
52601,5,4,0.9500000000000001,,0.0001,5.0
52701,5,4,0.9500000000000001,,0.0001,6.0
52801,5,4,0.9500000000000001,,0.0001,6.0
52901,5,4,0.9500000000000001,,0.0001,6.0
53001,5,4,0.9500000000000001,,0.0001,6.0
53101,5,4,0.9500000000000001,,0.0001,5.0
53201,5,4,0.9500000000000001,,0.0001,5.0
53301,5,4,0.9500000000000001,,0.0001,5.0
53401,5,4,0.9500000000000001,,0.0001,5.0
53501,5,4,0.9500000000000001,,0.0001,5.0
53601,5,4,0.9500000000000001,,0.0001,7.0
53701,5,4,0.9500000000000001,,0.0001,7.0
53801,5,4,0.9500000000000001,,0.0001,6.0
53901,5,4,0.9500000000000001,,0.0001,6.0
54001,5,4,0.9500000000000001,,0.0001,6.0
54101,5,4,0.9500000000000001,,0.0001,6.0
54201,5,4,0.9500000000000001,,0.0001,5.0
54301,5,4,0.9500000000000001,,0.0001,5.0
54401,5,4,0.9500000000000001,,0.0001,5.0
54501,5,4,0.9500000000000001,,0.0001,5.0
54601,5,4,0.9500000000000001,,0.0001,5.0
54701,5,4,0.9500000000000001,,0.0001,5.0
54801,5,4,0.9500000000000001,,0.0001,5.0
54901,5,4,0.9500000000000001,,0.0001,5.0
55001,6,4,0.9500000000000001,,0.0001,6.0
55101,6,4,0.9500000000000001,,0.0001,6.0
55201,6,4,0.9500000000000001,,0.0001,6.0
55301,6,4,0.9500000000000001,,0.0001,6.0
55401,6,4,0.9500000000000001,,0.0001,6.0
55501,6,4,0.9500000000000001,,0.0001,6.0
55601,6,4,0.9500000000000001,,0.0001,6.0
55701,6,4,0.9500000000000001,,0.0001,6.0
55801,6,4,0.9500000000000001,,0.0001,6.0
55901,5,4,0.9500000000000001,,0.0001,6.0
56001,5,4,0.9500000000000001,,0.0001,5.0
56101,5,4,0.9500000000000001,,0.0001,5.0
56201,5,4,0.9500000000000001,,0.0001,5.0
56301,5,4,0.9500000000000001,,0.0001,5.0
56401,5,4,0.9500000000000001,,0.0001,5.0
56501,5,4,0.9500000000000001,,0.0001,5.0
56601,5,4,0.9500000000000001,,0.0001,5.0
56701,5,4,0.9500000000000001,,0.0001,5.0
56801,5,4,0.9500000000000001,,0.0001,5.0
56901,5,4,0.9500000000000001,,0.0001,5.0
57001,5,4,0.9500000000000001,,0.0001,5.0
57101,5,4,0.9500000000000001,,0.0001,5.0
57201,5,4,0.9500000000000001,,0.0001,5.0
57301,5,4,0.9500000000000001,,0.0001,5.0
57401,5,4,0.9500000000000001,,0.0001,5.0
57501,5,4,0.9500000000000001,,0.0001,5.0
57601,5,4,0.9500000000000001,,0.0001,5.0
57701,5,4,0.9500000000000001,,0.0001,5.0
57801,5,4,0.9500000000000001,,0.0001,5.0
57901,5,4,0.9500000000000001,,0.0001,5.0
58001,5,4,0.9500000000000001,,0.0001,5.0
58101,5,4,0.9500000000000001,,0.0001,5.0
58201,5,4,0.9500000000000001,,0.0001,5.0
58301,5,4,0.9500000000000001,,0.0001,5.0
58401,5,4,0.9500000000000001,,0.0001,5.0
58501,5,4,0.9500000000000001,,0.0001,5.0
58601,5,4,0.9500000000000001,,0.0001,5.0
58701,5,4,0.9500000000000001,,0.0001,5.0
58801,5,4,0.9500000000000001,,0.0001,5.0
58901,5,4,0.9500000000000001,,0.0001,5.0
59001,5,4,0.9500000000000001,,0.0001,5.0
59101,5,4,0.9500000000000001,,0.0001,5.0
59201,5,4,0.9500000000000001,,0.0001,5.0
59301,5,4,0.9500000000000001,,0.0001,5.0
59401,5,4,0.9500000000000001,,0.0001,5.0
59501,5,4,0.9500000000000001,,0.0001,5.0
59601,5,4,0.9500000000000001,,0.0001,5.0
59701,5,4,0.9500000000000001,,0.0001,5.0
59801,5,4,0.9500000000000001,,0.0001,5.0
59901,5,4,0.9500000000000001,,0.0001,5.0
60001,5,4,0.9500000000000001,,0.0001,5.0
60101,5,4,0.9500000000000001,,0.0001,5.0
60201,5,4,0.9500000000000001,,0.0001,5.0
60301,5,4,0.9500000000000001,,0.0001,5.0
60401,5,4,0.9500000000000001,,0.0001,5.0
60501,5,4,0.9500000000000001,,0.0001,5.0
60601,5,4,0.9500000000000001,,0.0001,5.0
60701,5,4,0.9500000000000001,,0.0001,5.0
60801,5,4,0.9500000000000001,,0.0001,5.0
60901,5,4,0.9500000000000001,,0.0001,5.0
61001,5,4,0.9500000000000001,,0.0001,5.0
61101,5,4,0.9500000000000001,,0.0001,5.0
61201,5,4,0.9500000000000001,,0.0001,5.0
61301,5,4,0.9500000000000001,,0.0001,5.0
61401,5,4,0.9500000000000001,,0.0001,5.0
61501,5,4,0.9500000000000001,,0.0001,5.0
61601,5,4,0.9500000000000001,,0.0001,5.0
61701,5,4,0.9500000000000001,,0.0001,5.0
61801,5,4,0.9500000000000001,,0.0001,5.0
61901,5,4,0.9500000000000001,,0.0001,5.0
62001,5,4,0.9500000000000001,,0.0001,5.0
62101,5,4,0.9500000000000001,,0.0001,5.0
62201,5,4,0.9500000000000001,,0.0001,5.0
62301,5,4,0.9500000000000001,,0.0001,5.0
62401,5,4,0.9500000000000001,,0.0001,5.0
62501,5,4,0.9500000000000001,,0.0001,5.0
62601,5,4,0.9500000000000001,,0.0001,5.0
62701,5,4,0.9500000000000001,,0.0001,5.0
62801,5,4,0.9500000000000001,,0.0001,5.0
62901,5,4,0.9500000000000001,,0.0001,5.0
63001,5,4,0.9500000000000001,,0.0001,5.0
63101,5,4,0.9500000000000001,,0.0001,5.0
63201,5,4,0.9500000000000001,,0.0001,5.0
63301,5,4,0.9500000000000001,,0.0001,5.0
63401,5,4,0.9500000000000001,,0.0001,5.0
63501,5,4,0.9500000000000001,,0.0001,5.0
63601,5,4,0.9500000000000001,,0.0001,5.0
63701,5,4,0.9500000000000001,,0.0001,5.0
63801,5,4,0.9500000000000001,,0.0001,5.0
63901,5,4,0.9500000000000001,,0.0001,5.0
64001,5,4,0.9500000000000001,,0.0001,5.0
64101,5,4,0.9500000000000001,,0.0001,5.0
64201,5,4,0.9500000000000001,,0.0001,5.0
64301,5,4,0.9500000000000001,,0.0001,5.0
64401,5,4,0.9500000000000001,,0.0001,5.0
64501,5,4,0.9500000000000001,,0.0001,5.0
64601,5,4,0.9500000000000001,,0.0001,5.0
64701,5,4,0.9500000000000001,,0.0001,5.0
64801,5,4,0.9500000000000001,,0.0001,5.0
64901,5,4,0.9500000000000001,,0.0001,5.0
65001,5,4,0.9500000000000001,,0.0001,5.0
65101,5,4,0.9500000000000001,,0.0001,5.0
65201,5,4,0.9500000000000001,,0.0001,5.0
65301,5,4,0.9500000000000001,,0.0001,5.0
65401,5,4,0.9500000000000001,,0.0001,6.0
65501,5,4,0.9500000000000001,,0.0001,6.0
65601,5,4,0.9500000000000001,,0.0001,6.0
65701,5,4,0.9500000000000001,,0.0001,6.0
65801,5,4,0.9500000000000001,,0.0001,5.0
65901,5,4,0.9500000000000001,,0.0001,5.0
66001,5,4,0.9500000000000001,,0.0001,5.0
66101,5,4,0.9500000000000001,,0.0001,5.0
66201,5,4,0.9500000000000001,,0.0001,5.0
66301,5,4,0.9500000000000001,,0.0001,5.0
66401,5,4,0.9500000000000001,,0.0001,5.0
66501,5,4,0.9500000000000001,,0.0001,5.0
66601,5,4,0.9500000000000001,,0.0001,5.0
66701,5,4,0.9500000000000001,,0.0001,5.0
66801,5,4,0.9500000000000001,,0.0001,5.0
66901,5,4,0.9500000000000001,,0.0001,5.0
67001,5,4,0.9500000000000001,,0.0001,5.0
67101,5,4,0.9500000000000001,,0.0001,5.0
67201,5,4,0.9500000000000001,,0.0001,5.0
67301,5,4,0.9500000000000001,,0.0001,5.0
67401,5,4,0.9500000000000001,,0.0001,6.0
67501,5,4,0.9500000000000001,,0.0001,6.0
67601,5,4,0.9500000000000001,,0.0001,6.0
67701,5,4,0.9500000000000001,,0.0001,6.0
67801,5,4,0.9500000000000001,,0.0001,5.0
67901,5,4,0.9500000000000001,,0.0001,5.0
68001,5,4,0.9500000000000001,,0.0001,5.0
68101,5,4,0.9500000000000001,,0.0001,5.0
68201,5,4,0.9500000000000001,,0.0001,5.0
68301,5,4,0.9500000000000001,,0.0001,5.0
68401,5,4,0.9500000000000001,,0.0001,5.0
68501,5,4,0.9500000000000001,,0.0001,5.0
68601,5,4,0.9500000000000001,,0.0001,5.0
68701,5,4,0.9500000000000001,,0.0001,5.0
68801,5,4,0.9500000000000001,,0.0001,5.0
68901,5,4,0.9500000000000001,,0.0001,4.0
69001,5,4,0.9500000000000001,,0.0001,5.0
69101,5,4,0.9500000000000001,,0.0001,5.0
69201,5,4,0.9500000000000001,,0.0001,5.0
69301,5,4,0.9500000000000001,,0.0001,5.0
69401,5,4,0.9500000000000001,,0.0001,5.0
69501,5,4,0.9500000000000001,,0.0001,5.0
69601,5,4,0.9500000000000001,,0.0001,5.0
69701,5,4,0.9500000000000001,,0.0001,4.0
69801,5,4,0.9500000000000001,,0.0001,5.0
69901,5,4,0.9500000000000001,,0.0001,5.0
70001,5,4,0.9500000000000001,,0.0001,5.0
70101,5,4,0.9500000000000001,,0.0001,5.0
70201,4,4,0.9500000000000001,,0.0001,5.0
70301,4,4,0.9500000000000001,,0.0001,5.0
70401,4,4,0.9500000000000001,,0.0001,5.0
70501,4,4,0.9500000000000001,,0.0001,5.0
70601,4,4,0.9500000000000001,,0.0001,5.0
70701,4,4,0.9500000000000001,,0.0001,4.0
70801,4,4,0.9500000000000001,,0.0001,4.0
70901,4,4,0.9500000000000001,,0.0001,4.0
71001,4,4,0.9500000000000001,,0.0001,4.0
71101,4,4,0.9500000000000001,,0.0001,4.0
71201,4,4,0.9500000000000001,,0.0001,4.0
71301,4,4,0.9500000000000001,,0.0001,4.0
71401,4,4,0.9500000000000001,,0.0001,4.0
71501,4,4,0.9500000000000001,,0.0001,4.0
71601,4,4,0.9500000000000001,,0.0001,4.0
71701,4,4,0.9500000000000001,,0.0001,4.0
71801,4,4,0.9500000000000001,,0.0001,4.0
71901,4,4,0.9500000000000001,,0.0001,4.0
72001,4,4,0.9500000000000001,,0.0001,4.0
72101,4,4,0.9500000000000001,,0.0001,4.0
72201,4,4,0.9500000000000001,,0.0001,4.0
72301,4,4,0.9500000000000001,,0.0001,4.0
72401,4,4,0.9500000000000001,,0.0001,4.0
72501,4,4,0.9500000000000001,,0.0001,4.0
72601,4,4,0.9500000000000001,,0.0001,4.0
72701,4,4,0.9500000000000001,,0.0001,4.0
72801,4,4,0.9500000000000001,,0.0001,4.0
72901,4,4,0.9500000000000001,,0.0001,4.0
73001,4,4,0.9500000000000001,,0.0001,4.0
73101,4,4,0.9500000000000001,,0.0001,4.0
73201,4,4,0.9500000000000001,,0.0001,4.0
73301,4,4,0.9500000000000001,,0.0001,3.0
73401,4,4,0.9500000000000001,,0.0001,4.0
73501,4,4,0.9500000000000001,,0.0001,3.0
73601,4,4,0.9500000000000001,,0.0001,3.0
73701,4,4,0.9500000000000001,,0.0001,4.0
73801,4,4,0.9500000000000001,,0.0001,4.0
73901,4,4,0.9500000000000001,,0.0001,5.0
74001,4,4,0.9500000000000001,,0.0001,5.0
74101,4,4,0.9500000000000001,,0.0001,5.0
74201,4,4,0.9500000000000001,,0.0001,5.0
74301,4,4,0.9500000000000001,,0.0001,5.0
74401,4,4,0.9500000000000001,,0.0001,5.0
74501,4,4,0.9500000000000001,,0.0001,5.0
74601,4,4,0.9500000000000001,,0.0001,5.0
74701,4,4,0.9500000000000001,,0.0001,4.0
74801,4,4,0.9500000000000001,,0.0001,5.0
74901,4,4,0.9500000000000001,,0.0001,5.0
75001,6,4,0.9500000000000001,,0.0001,6.0
75101,6,4,0.9500000000000001,,0.0001,6.0
75201,6,4,0.9500000000000001,,0.0001,6.0
75301,6,4,0.9500000000000001,,0.0001,6.0
75401,6,4,0.9500000000000001,,0.0001,6.0
75501,6,4,0.9500000000000001,,0.0001,6.0
75601,6,4,0.9500000000000001,,0.0001,6.0
75701,6,4,0.9500000000000001,,0.0001,6.0
75801,6,4,0.9500000000000001,,0.0001,6.0
75901,6,4,0.9500000000000001,,0.0001,6.0
76001,6,4,0.9500000000000001,,0.0001,6.0
76101,6,4,0.9500000000000001,,0.0001,6.0
76201,6,4,0.9500000000000001,,0.0001,6.0
76301,6,4,0.9500000000000001,,0.0001,6.0
76401,6,4,0.9500000000000001,,0.0001,6.0
76501,6,4,0.9500000000000001,,0.0001,6.0
76601,6,4,0.9500000000000001,,0.0001,6.0
76701,6,4,0.9500000000000001,,0.0001,6.0
76801,6,4,0.9500000000000001,,0.0001,5.0
76901,6,4,0.9500000000000001,,0.0001,6.0
77001,6,4,0.9500000000000001,,0.0001,6.0
77101,6,4,0.9500000000000001,,0.0001,6.0
77201,6,4,0.9500000000000001,,0.0001,6.0
77301,6,4,0.9500000000000001,,0.0001,6.0
77401,6,4,0.9500000000000001,,0.0001,5.0
77501,6,4,0.9500000000000001,,0.0001,6.0
77601,6,4,0.9500000000000001,,0.0001,6.0
77701,6,4,0.9500000000000001,,0.0001,5.0
77801,6,4,0.9500000000000001,,0.0001,6.0
77901,6,4,0.9500000000000001,,0.0001,5.0
78001,6,4,0.9500000000000001,,0.0001,6.0
78101,6,4,0.9500000000000001,,0.0001,6.0
78201,6,4,0.9500000000000001,,0.0001,6.0
78301,6,4,0.9500000000000001,,0.0001,6.0
78401,6,4,0.9500000000000001,,0.0001,6.0
78501,6,4,0.9500000000000001,,0.0001,6.0
78601,6,4,0.9500000000000001,,0.0001,6.0
78701,6,4,0.9500000000000001,,0.0001,6.0
78801,6,4,0.9500000000000001,,0.0001,6.0
78901,6,4,0.9500000000000001,,0.0001,6.0
79001,6,4,0.9500000000000001,,0.0001,6.0
79101,6,4,0.9500000000000001,,0.0001,6.0
79201,6,4,0.9500000000000001,,0.0001,6.0
79301,6,4,0.9500000000000001,,0.0001,6.0
79401,6,4,0.9500000000000001,,0.0001,6.0
79501,6,4,0.9500000000000001,,0.0001,6.0
79601,6,4,0.9500000000000001,,0.0001,6.0
79701,6,4,0.9500000000000001,,0.0001,6.0
79801,6,4,0.9500000000000001,,0.0001,6.0
79901,6,4,0.9500000000000001,,0.0001,6.0
80001,6,4,0.9500000000000001,,0.0001,6.0
80101,6,4,0.9500000000000001,,0.0001,6.0
80201,6,4,0.9500000000000001,,0.0001,6.0
80301,6,4,0.9500000000000001,,0.0001,6.0
80401,6,4,0.9500000000000001,,0.0001,6.0
80501,6,4,0.9500000000000001,,0.0001,6.0
80601,6,4,0.9500000000000001,,0.0001,6.0
80701,6,4,0.9500000000000001,,0.0001,6.0
80801,6,4,0.9500000000000001,,0.0001,6.0
80901,6,4,0.9500000000000001,,0.0001,6.0
81001,6,4,0.9500000000000001,,0.0001,6.0
81101,6,4,0.9500000000000001,,0.0001,6.0
81201,6,4,0.9500000000000001,,0.0001,6.0
81301,6,4,0.9500000000000001,,0.0001,6.0
81401,6,4,0.9500000000000001,,0.0001,6.0
81501,6,4,0.9500000000000001,,0.0001,6.0
81601,6,4,0.9500000000000001,,0.0001,6.0
81701,6,4,0.9500000000000001,,0.0001,6.0
81801,6,4,0.9500000000000001,,0.0001,6.0
81901,6,4,0.9500000000000001,,0.0001,6.0
82001,6,4,0.9500000000000001,,0.0001,6.0
82101,6,4,0.9500000000000001,,0.0001,6.0
82201,6,4,0.9500000000000001,,0.0001,6.0
82301,6,4,0.9500000000000001,,0.0001,6.0
82401,6,4,0.9500000000000001,,0.0001,6.0
82501,6,4,0.9500000000000001,,0.0001,6.0
82601,6,4,0.9500000000000001,,0.0001,6.0
82701,6,4,0.9500000000000001,,0.0001,6.0
82801,6,4,0.9500000000000001,,0.0001,6.0
82901,6,4,0.9500000000000001,,0.0001,6.0
83001,6,4,0.9500000000000001,,0.0001,6.0
83101,6,4,0.9500000000000001,,0.0001,6.0
83201,6,4,0.9500000000000001,,0.0001,6.0
83301,6,4,0.9500000000000001,,0.0001,6.0
83401,6,4,0.9500000000000001,,0.0001,6.0
83501,6,4,0.9500000000000001,,0.0001,6.0
83601,6,4,0.9500000000000001,,0.0001,6.0
83701,6,4,0.9500000000000001,,0.0001,6.0
83801,6,4,0.9500000000000001,,0.0001,6.0
83901,6,4,0.9500000000000001,,0.0001,6.0
84001,6,4,0.9500000000000001,,0.0001,6.0
84101,6,4,0.9500000000000001,,0.0001,6.0
84201,6,4,0.9500000000000001,,0.0001,6.0
84301,6,4,0.9500000000000001,,0.0001,6.0
84401,6,4,0.9500000000000001,,0.0001,6.0
84501,6,4,0.9500000000000001,,0.0001,6.0
84601,6,4,0.9500000000000001,,0.0001,6.0
84701,6,4,0.9500000000000001,,0.0001,6.0
84801,6,4,0.9500000000000001,,0.0001,6.0
84901,6,4,0.9500000000000001,,0.0001,6.0
85001,6,4,0.9500000000000001,,0.0001,6.0
85101,6,4,0.9500000000000001,,0.0001,6.0
85201,6,4,0.9500000000000001,,0.0001,6.0
85301,6,4,0.9500000000000001,,0.0001,6.0
85401,6,4,0.9500000000000001,,0.0001,6.0
85501,6,4,0.9500000000000001,,0.0001,6.0
85601,6,4,0.9500000000000001,,0.0001,6.0
85701,6,4,0.9500000000000001,,0.0001,6.0
85801,6,4,0.9500000000000001,,0.0001,6.0
85901,6,4,0.9500000000000001,,0.0001,6.0
86001,6,4,0.9500000000000001,,0.0001,6.0
86101,6,4,0.9500000000000001,,0.0001,6.0
86201,6,4,0.9500000000000001,,0.0001,6.0
86301,6,4,0.9500000000000001,,0.0001,6.0
86401,6,4,0.9500000000000001,,0.0001,6.0
86501,6,4,0.9500000000000001,,0.0001,6.0
86601,6,4,0.9500000000000001,,0.0001,6.0
86701,6,4,0.9500000000000001,,0.0001,6.0
86801,6,4,0.9500000000000001,,0.0001,6.0
86901,6,4,0.9500000000000001,,0.0001,6.0
87001,6,4,0.9500000000000001,,0.0001,6.0
87101,6,4,0.9500000000000001,,0.0001,6.0
87201,6,4,0.9500000000000001,,0.0001,6.0
87301,6,4,0.9500000000000001,,0.0001,6.0
87401,6,4,0.9500000000000001,,0.0001,6.0
87501,6,4,0.9500000000000001,,0.0001,6.0
87601,6,4,0.9500000000000001,,0.0001,6.0
87701,6,4,0.9500000000000001,,0.0001,6.0
87801,6,4,0.9500000000000001,,0.0001,6.0
87901,6,4,0.9500000000000001,,0.0001,6.0
88001,6,4,0.9500000000000001,,0.0001,6.0
88101,6,4,0.9500000000000001,,0.0001,6.0
88201,6,4,0.9500000000000001,,0.0001,6.0
88301,6,4,0.9500000000000001,,0.0001,6.0
88401,6,4,0.9500000000000001,,0.0001,5.0
88501,6,4,0.9500000000000001,,0.0001,6.0
88601,6,4,0.9500000000000001,,0.0001,6.0
88701,6,4,0.9500000000000001,,0.0001,6.0
88801,6,4,0.9500000000000001,,0.0001,5.0
88901,6,4,0.9500000000000001,,0.0001,6.0
89001,6,4,0.9500000000000001,,0.0001,6.0
89101,6,4,0.9500000000000001,,0.0001,6.0
89201,6,4,0.9500000000000001,,0.0001,6.0
89301,6,4,0.9500000000000001,,0.0001,6.0
89401,6,4,0.9500000000000001,,0.0001,6.0
89501,6,4,0.9500000000000001,,0.0001,6.0
89601,6,4,0.9500000000000001,,0.0001,6.0
89701,6,4,0.9500000000000001,,0.0001,6.0
89801,6,4,0.9500000000000001,,0.0001,6.0
89901,6,4,0.9500000000000001,,0.0001,6.0
90001,6,4,0.9500000000000001,,0.0001,6.0
90101,6,4,0.9500000000000001,,0.0001,6.0
90201,6,4,0.9500000000000001,,0.0001,6.0
90301,6,4,0.9500000000000001,,0.0001,6.0
90401,6,4,0.9500000000000001,,0.0001,6.0
90501,6,4,0.9500000000000001,,0.0001,6.0
90601,6,4,0.9500000000000001,,0.0001,6.0
90701,6,4,0.9500000000000001,,0.0001,6.0
90801,6,4,0.9500000000000001,,0.0001,6.0
90901,6,4,0.9500000000000001,,0.0001,6.0
91001,6,4,0.9500000000000001,,0.0001,6.0
91101,6,4,0.9500000000000001,,0.0001,6.0
91201,6,4,0.9500000000000001,,0.0001,6.0
91301,6,4,0.9500000000000001,,0.0001,6.0
91401,6,4,0.9500000000000001,,0.0001,6.0
91501,6,4,0.9500000000000001,,0.0001,6.0
91601,6,4,0.9500000000000001,,0.0001,6.0
91701,6,4,0.9500000000000001,,0.0001,6.0
91801,6,4,0.9500000000000001,,0.0001,6.0
91901,6,4,0.9500000000000001,,0.0001,6.0
92001,6,4,0.9500000000000001,,0.0001,6.0
92101,6,4,0.9500000000000001,,0.0001,6.0
92201,6,4,0.9500000000000001,,0.0001,6.0
92301,6,4,0.9500000000000001,,0.0001,6.0
92401,6,4,0.9500000000000001,,0.0001,6.0
92501,6,4,0.9500000000000001,,0.0001,6.0
92601,6,4,0.9500000000000001,,0.0001,6.0
92701,6,4,0.9500000000000001,,0.0001,6.0
92801,6,4,0.9500000000000001,,0.0001,6.0
92901,6,4,0.9500000000000001,,0.0001,5.0
93001,6,4,0.9500000000000001,,0.0001,6.0
93101,6,4,0.9500000000000001,,0.0001,6.0
93201,6,4,0.9500000000000001,,0.0001,6.0
93301,6,4,0.9500000000000001,,0.0001,7.0
93401,6,4,0.9500000000000001,,0.0001,6.0
93501,6,4,0.9500000000000001,,0.0001,6.0
93601,6,4,0.9500000000000001,,0.0001,6.0
93701,6,4,0.9500000000000001,,0.0001,6.0
93801,6,4,0.9500000000000001,,0.0001,6.0
93901,6,4,0.9500000000000001,,0.0001,6.0
94001,6,4,0.9500000000000001,,0.0001,6.0
94101,6,4,0.9500000000000001,,0.0001,6.0
94201,6,4,0.9500000000000001,,0.0001,6.0
94301,6,4,0.9500000000000001,,0.0001,6.0
94401,6,4,0.9500000000000001,,0.0001,6.0
94501,6,4,0.9500000000000001,,0.0001,6.0
94601,6,4,0.9500000000000001,,0.0001,6.0
94701,6,4,0.9500000000000001,,0.0001,6.0
94801,6,4,0.9500000000000001,,0.0001,6.0
94901,6,4,0.9500000000000001,,0.0001,6.0
95001,6,4,0.9500000000000001,,0.0001,6.0
95101,6,4,0.9500000000000001,,0.0001,6.0
95201,6,4,0.9500000000000001,,0.0001,6.0
95301,6,4,0.9500000000000001,,0.0001,6.0
95401,6,4,0.9500000000000001,,0.0001,6.0
95501,6,4,0.9500000000000001,,0.0001,6.0
95601,6,4,0.9500000000000001,,0.0001,6.0
95701,6,4,0.9500000000000001,,0.0001,6.0
95801,6,4,0.9500000000000001,,0.0001,6.0
95901,6,4,0.9500000000000001,,0.0001,5.0
96001,6,4,0.9500000000000001,,0.0001,6.0
96101,6,4,0.9500000000000001,,0.0001,6.0
96201,6,4,0.9500000000000001,,0.0001,6.0
96301,6,4,0.9500000000000001,,0.0001,6.0
96401,6,4,0.9500000000000001,,0.0001,6.0
96501,6,4,0.9500000000000001,,0.0001,6.0
96601,6,4,0.9500000000000001,,0.0001,5.0
96701,6,4,0.9500000000000001,,0.0001,6.0
96801,6,4,0.9500000000000001,,0.0001,6.0
96901,6,4,0.9500000000000001,,0.0001,6.0
97001,6,4,0.9500000000000001,,0.0001,6.0
97101,6,4,0.9500000000000001,,0.0001,6.0
97201,6,4,0.9500000000000001,,0.0001,6.0
97301,6,4,0.9500000000000001,,0.0001,6.0
97401,6,4,0.9500000000000001,,0.0001,6.0
97501,6,4,0.9500000000000001,,0.0001,6.0
97601,6,4,0.9500000000000001,,0.0001,7.0
97701,6,4,0.9500000000000001,,0.0001,6.0
97801,6,4,0.9500000000000001,,0.0001,6.0
97901,6,4,0.9500000000000001,,0.0001,6.0
98001,6,4,0.9500000000000001,,0.0001,6.0
98101,6,4,0.9500000000000001,,0.0001,6.0
98201,6,4,0.9500000000000001,,0.0001,6.0
98301,6,4,0.9500000000000001,,0.0001,6.0
98401,6,4,0.9500000000000001,,0.0001,6.0
98501,6,4,0.9500000000000001,,0.0001,6.0
98601,6,4,0.9500000000000001,,0.0001,6.0
98701,6,4,0.9500000000000001,,0.0001,6.0
98801,6,4,0.9500000000000001,,0.0001,6.0
98901,6,4,0.9500000000000001,,0.0001,6.0
99001,6,4,0.9500000000000001,,0.0001,6.0
99101,6,4,0.9500000000000001,,0.0001,6.0
99201,5,4,0.9500000000000001,,0.0001,5.0
99301,5,4,0.9500000000000001,,0.0001,5.0
99401,5,4,0.9500000000000001,,0.0001,5.0
99501,5,4,0.9500000000000001,,0.0001,5.0
99601,5,4,0.9500000000000001,,0.0001,5.0
99701,5,4,0.9500000000000001,,0.0001,5.0
99801,5,4,0.9500000000000001,,0.0001,5.0
99901,5,4,0.9500000000000001,,0.0001,4.0
